Date,KOR_export,export_CHI,export_USA,export_VET,export_Hong,export_JAP,foreign exchange,oil_price,SW,OCC,FE
2000-01,12162424632.0,1235215271.0,2609787984.0,109742698.0,782348732.0,1551722070.0,3159.0,58.25,694.0,229.3,359.5
2000-02,12676042304.0,1273117309.0,2554309883.0,112395157.0,823990122.0,1518844843.0,3159.0,58.25,694.0,229.3,359.5
2000-03,14429703086.0,1437377223.0,2946820669.0,150134562.0,911648256.0,1783564618.0,3159.0,58.25,694.0,229.3,359.5
2000-04,13522040017.0,1366876604.0,2698029849.0,169146208.0,863243219.0,1582707525.0,3159.0,58.25,694.0,229.3,359.5
2000-05,14636754971.0,1663240667.0,3167181403.0,169411680.0,887081090.0,1671039709.0,3159.0,58.25,694.0,229.3,359.5
2000-06,15250939656.0,1636969297.0,3214982843.0,156502370.0,883530139.0,1670427579.0,3159.0,58.25,694.0,229.3,359.5
2000-07,14455655854.0,1606725442.0,3255804253.0,137391132.0,870993704.0,1645587937.0,3159.0,58.25,694.0,229.3,359.5
2000-08,14786880244.0,1685673813.0,3267078390.0,121056169.0,923675716.0,1678044413.0,3159.0,58.25,694.0,229.3,359.5
2000-09,15133379448.0,1592373209.0,3510988785.0,127921283.0,943856029.0,1900124085.0,3159.0,58.25,694.0,229.3,359.5
2000-10,15248067735.0,1619740904.0,3471764548.0,126551005.0,981958017.0,1773514357.0,3159.0,58.25,694.0,229.3,359.5
2000-11,14989067774.0,1728475871.0,3331334272.0,150756897.0,944141978.0,1877923709.0,3159.0,58.25,694.0,229.3,359.5
2000-12,14976554592.0,1608753969.0,3582547249.0,155015425.0,891627321.0,1812514974.0,3159.0,58.25,694.0,229.3,359.5
2001-01,12644929017.0,1239083390.0,2703366934.0,94830841.0,702872420.0,1616072581.0,3159.0,58.25,694.0,229.3,359.5
2001-02,13354073762.0,1513732501.0,2502468673.0,135284913.0,802615931.0,1546804634.0,3159.0,58.25,694.0,229.3,359.5
2001-03,14124891326.0,1607051165.0,2855151093.0,159595798.0,852738239.0,1637434941.0,3159.0,58.25,694.0,229.3,359.5
2001-04,12121109771.0,1540004834.0,2427541727.0,158361600.0,858202241.0,1365516173.0,3159.0,58.25,694.0,229.3,359.5
2001-05,13306959164.0,1600296077.0,2511513054.0,163293890.0,936811601.0,1479760006.0,3159.0,58.25,694.0,229.3,359.5
2001-06,12931941025.0,1647396857.0,2669876560.0,162529118.0,791948637.0,1421370438.0,3159.0,58.25,694.0,229.3,359.5
2001-07,11392256710.0,1532212464.0,2434080251.0,134354511.0,698154966.0,1206250955.0,3159.0,58.25,694.0,229.3,359.5
2001-08,11766192458.0,1488933965.0,2586477504.0,131830895.0,698675179.0,1210560889.0,3159.0,58.25,694.0,229.3,359.5
2001-09,12447323670.0,1515586442.0,2837276788.0,137161302.0,774206111.0,1298082968.0,3159.0,58.25,694.0,229.3,359.5
2001-10,12086028283.0,1485592377.0,2593946857.0,139408674.0,792686908.0,1233369518.0,3159.0,58.25,694.0,229.3,359.5
2001-11,12348966889.0,1517838556.0,2711414606.0,158303058.0,774088862.0,1328742455.0,3159.0,58.25,694.0,229.3,359.5
2001-12,11914472044.0,1502461022.0,2377681032.0,156708036.0,768677224.0,1161800697.0,3159.0,58.25,694.0,229.3,359.5
2002-01,11381879453.0,1471487338.0,2496356532.0,126243658.0,710914959.0,1054722674.0,3159.0,58.25,694.0,229.3,359.5
2002-02,11023036912.0,1314887195.0,2267664325.0,118939281.0,658025209.0,1065870276.0,3159.0,58.25,694.0,229.3,359.5
2002-03,13251322898.0,1776786999.0,2745682039.0,162112998.0,849361366.0,1194416507.0,3159.0,58.25,694.0,229.3,359.5
2002-04,13184534346.0,1857224615.0,2754209141.0,197481812.0,843910378.0,1187275726.0,3159.0,58.25,694.0,229.3,359.5
2002-05,14173176611.0,1941925212.0,2836154720.0,281202443.0,897000426.0,1282811471.0,3159.0,58.25,694.0,229.3,359.5
2002-06,12894088493.0,1838409871.0,2381101704.0,198034906.0,938056325.0,1220583003.0,3159.0,58.25,694.0,229.3,359.5
2002-07,13395178905.0,2010716667.0,2708340089.0,168237505.0,903056331.0,1302584242.0,3159.0,58.25,694.0,229.3,359.5
2002-08,13959109880.0,2034950003.0,2745114596.0,170608783.0,856444734.0,1244127422.0,3159.0,58.25,694.0,229.3,359.5
2002-09,13900763481.0,2107709414.0,2745226658.0,175078338.0,830116731.0,1287483718.0,3159.0,58.25,694.0,229.3,359.5
2002-10,15084658742.0,2472827761.0,3110798556.0,219061171.0,890016045.0,1409834404.0,3159.0,58.25,694.0,229.3,359.5
2002-11,15196561477.0,2396004989.0,3028530917.0,215989041.0,888201439.0,1474813167.0,1183.0,58.25,460.0,153.0,134.0
2002-12,15026216602.0,2530655690.0,2961008886.0,207197508.0,880431442.0,1418660277.0,1214.0,58.25,430.0,147.0,149.0
2003-01,14319930962.0,2289754881.0,2612314009.0,160001619.0,882496951.0,1395928617.0,1229.0,20.6,430.0,148.0,173.0
2003-02,13337144558.0,2379306564.0,2383517948.0,168340812.0,892958358.0,1225944611.0,1240.0,18.9,430.0,142.0,177.0
2003-03,15378850237.0,2659292622.0,2749138408.0,252511469.0,1072609239.0,1371507580.0,1238.0,24.5,460.0,142.0,173.0
2003-04,15720592277.0,2560138383.0,2807774807.0,254067765.0,1138131661.0,1406227585.0,1236.0,19.0,500.0,158.0,160.0
2003-05,14676091579.0,2475020616.0,2633439848.0,236404469.0,1119015400.0,1350886060.0,1283.0,16.8,525.0,175.0,150.0
2003-06,15656327385.0,2609510640.0,2803208194.0,228234538.0,1154056078.0,1319147409.0,1316.0,13.3,515.0,170.0,151.0
2003-07,15431714254.0,2964910238.0,2497304252.0,194171150.0,1103554595.0,1382143845.0,1329.0,20.9,485.0,158.0,171.0
2003-08,15375268390.0,3078356503.0,2585265507.0,164080059.0,1192550868.0,1298388017.0,1362.0,14.8,470.0,161.0,180.0
2003-09,17021082330.0,3274210504.0,3034998707.0,192545654.0,1274404786.0,1437461044.0,1415.0,18.0,480.0,157.0,183.0
2003-10,18929664626.0,3540626175.0,3425960263.0,239220981.0,1518784077.0,1725329265.0,1433.0,19.5,480.0,154.0,187.0
2003-11,18242088134.0,3448459677.0,3213552727.0,222750947.0,1511066342.0,1698328371.0,1503.0,22.8,510.0,158.0,217.0
2003-12,19728688098.0,3830128278.0,3472926852.0,248904759.0,1794107234.0,1664844557.0,1553.0,21.3,510.0,158.0,217.0
2004-01,18987120155.0,3320938836.0,2644698134.0,163655810.0,1752427343.0,1552892077.0,1574.0,18.4,510.0,160.0,270.0
2004-02,19136967537.0,3686545830.0,3097012039.0,219836657.0,1623980661.0,1732592270.0,1630.0,24.7,530.0,159.0,340.0
2004-03,21174854848.0,4030541099.0,3534532863.0,290300792.0,2000495364.0,1911030362.0,1635.0,19.6,560.0,168.0,310.0
2004-04,21483356558.0,4097864960.0,3544622758.0,307250394.0,1922309600.0,1818283540.0,1636.0,21.1,590.0,175.0,249.0
2004-05,20834258911.0,4296986705.0,3559012806.0,289277128.0,1680079037.0,1863901016.0,1665.0,22.5,620.0,177.0,205.0
2004-06,21657111358.0,4113746869.0,4106098212.0,236283306.0,1396816496.0,1696810982.0,1670.0,23.4,630.0,175.0,237.0
2004-07,21003794339.0,4479869971.0,3623191685.0,242243975.0,1290155367.0,1836487014.0,1680.0,22.7,630.0,178.0,285.0
2004-08,19798968731.0,4101366165.0,3470222358.0,221873125.0,1375518159.0,1604839240.0,1705.0,25.4,620.0,179.0,285.0
2004-09,20831133275.0,4167502231.0,3616201442.0,315686171.0,1355963458.0,1728688553.0,1744.0,25.0,620.0,178.0,287.0
2004-10,22663288550.0,4554437724.0,4037437608.0,322247840.0,1243990637.0,1889739717.0,1784.0,29.8,580.0,178.0,306.0
2004-11,23076611989.0,4470634073.0,3809459511.0,308761531.0,1255319871.0,2033609169.0,1926.0,36.1,510.0,175.0,284.0
2004-12,23197205701.0,4442741000.0,3806703574.0,338156929.0,1230056169.0,2032462605.0,1991.0,26.9,540.0,179.0,280.0
2005-01,22454025470.0,4478629894.0,3478719869.0,263408894.0,1119491360.0,1873433140.0,1997.0,23.1,540.0,179.0,281.0
2005-02,20401096466.0,4067751554.0,2943672615.0,238002074.0,1040786715.0,1724000690.0,2022.0,28.1,570.0,180.0,285.0
2005-03,23952499856.0,5100932503.0,3847122869.0,302120214.0,1324503664.0,2090276572.0,2055.0,34.6,580.0,182.0,295.0
2005-04,22872504728.0,4934865151.0,3461143238.0,320401485.0,1212049720.0,1927815252.0,2064.0,30.5,560.0,188.0,285.0
2005-05,23122703254.0,5084553831.0,3049347129.0,285902445.0,1205126325.0,2112346565.0,2061.0,33.8,530.0,188.0,221.0
2005-06,23707576151.0,5431809725.0,3281113899.0,358098763.0,1274052635.0,2016336223.0,1670.0,32.1,520.0,180.0,206.0
2005-07,23235522474.0,5341837566.0,3274528563.0,288826751.0,1223363867.0,1947968106.0,2057.0,34.8,520.0,182.0,218.0
2005-08,23342966614.0,5423374641.0,3254946142.0,243933660.0,1250952115.0,1904502129.0,1705.0,37.5,520.0,182.0,265.0
2005-09,24519190675.0,5540811566.0,3535927648.0,306039562.0,1398080921.0,2038942000.0,1744.0,41.3,540.0,185.0,265.0
2005-10,25352747930.0,5493539451.0,3602662419.0,259194900.0,1508431704.0,2052962512.0,2073.0,40.5,540.0,179.0,240.0
2005-11,25826192398.0,5532306470.0,3939417098.0,305140369.0,1518623109.0,2130222239.0,2082.0,43.2,540.0,179.4,226.0
2005-12,25631716487.0,5484570863.0,3673982901.0,260584878.0,1455630080.0,2208632472.0,2104.0,41.2,530.0,174.5,215.0
2006-01,23257866107.0,4800572773.0,3260917892.0,238741948.0,1416175027.0,2107219013.0,2169.0,42.0,530.0,173.1,210.0
2006-02,23786955697.0,4837638513.0,3145899213.0,218776406.0,1429481611.0,2061298842.0,2160.0,44.7,550.0,173.2,235.0
2006-03,26840145449.0,5725007752.0,3862474560.0,328075564.0,1624505954.0,2180383012.0,2173.0,41.1,570.0,170.2,250.0
2006-04,25590122639.0,5428864647.0,3538737276.0,311323929.0,1406909748.0,1940871331.0,2229.0,42.3,600.0,167.3,270.0
2006-05,27934507286.0,5768058684.0,3516047123.0,380229046.0,1567171438.0,2310335086.0,2246.0,51.1,600.0,172.0,280.0
2006-06,27948805195.0,5982891925.0,3787495412.0,358970477.0,1650654125.0,2363666720.0,2243.0,45.2,600.0,174.7,290.0
2006-07,25774350220.0,5644307935.0,3593549623.0,293986773.0,1428038248.0,2077096965.0,2257.0,48.8,617.0,181.0,277.0
2006-08,27287194510.0,6221785801.0,3551040488.0,427164632.0,1604949314.0,2230652616.0,2270.0,55.5,660.0,177.0,268.0
2006-09,29651247374.0,6363844539.0,3828544843.0,365584437.0,1846721555.0,2369865037.0,2282.0,50.4,660.0,186.0,279.0
2006-10,28015958595.0,6058696205.0,3304223107.0,293295569.0,1703780761.0,2138081659.0,2294.0,45.8,674.0,192.2,274.0
2006-11,30602312825.0,6443253915.0,4029040001.0,347815856.0,1718370478.0,2335096486.0,2342.6,43.8,730.0,180.8,277.0
2006-12,28775382516.0,6184255618.0,3765532644.0,363511561.0,1582104456.0,2419448323.0,2390.0,46.6,740.0,181.4,290.0
2007-01,28092560584.0,6401707958.0,3635618824.0,393193256.0,1603570068.0,2011463900.0,2402.0,45.0,740.0,181.0,306.0
2007-02,26225124995.0,5482360139.0,3704007923.0,395865922.0,1289738246.0,2028249460.0,2428.0,55.9,740.0,182.3,330.0
2007-03,30385840023.0,6382984185.0,4059505955.0,380971885.0,1433951408.0,2205708551.0,2439.0,58.9,740.0,198.0,368.0
2007-04,29944456214.0,6518525742.0,3844901714.0,448486348.0,1391633614.0,2109682607.0,2473.0,64.0,760.0,215.7,356.5
2007-05,31039900633.0,6587388640.0,3992972872.0,480612282.0,1463176305.0,2145311544.0,2507.0,64.7,769.0,227.7,354.0
2007-06,32000108762.0,6548213184.0,3846283234.0,441193546.0,1546368120.0,2263239284.0,2507.0,65.7,770.0,225.0,350.0
2007-07,30207443864.0,6889671129.0,3794752641.0,529838189.0,1605736521.0,2138700677.0,2548.0,69.7,770.0,213.6,348.0
2007-08,30998134234.0,7158117729.0,3515831284.0,409134643.0,1485644644.0,2107231025.0,2553.0,67.4,770.0,230.1,355.0
2007-09,29323535026.0,7034110548.0,3212919142.0,505003604.0,1561123206.0,1972487840.0,2573.0,73.3,771.0,236.2,372.0
2007-10,34433812739.0,7740782030.0,4224090392.0,567489139.0,1866502508.0,2361917716.0,2601.0,77.2,780.0,233.5,378.0
2007-11,35807892835.0,7942034296.0,4081464622.0,554694852.0,1800519384.0,2525078306.0,2619.0,87.0,780.0,246.1,375.0
2007-12,33030275842.0,7299287142.0,3853753887.0,653570826.0,1606486428.0,2501119699.0,2622.0,85.7,787.0,249.0,400.0
2008-01,32274574545.0,7269037445.0,3656069479.0,667876896.0,1365283609.0,2334129074.0,2619.0,87.2,790.0,250.7,435.0
2008-02,31178189869.0,6438014994.0,3358817109.0,593735770.0,1324379893.0,2253636083.0,2619.0,89.9,793.0,256.2,480.0
2008-03,35991775719.0,8338492479.0,4086718207.0,975676159.0,1677823064.0,2417451550.0,2638.0,67.6,800.0,266.4,615.0
2008-04,37850247110.0,8647030701.0,4235371095.0,863718463.0,1829490539.0,2493949572.0,2600.0,66.9,800.0,278.6,686.0
2008-05,39383158044.0,8914537354.0,3870187590.0,622252498.0,1740411049.0,2520171535.0,2581.0,81.3,800.0,281.5,719.0
2008-06,37258607851.0,8713123386.0,4215345208.0,791833046.0,1780621678.0,2597267421.0,2576.0,82.4,800.0,282.1,730.0
2008-07,40961223381.0,8961206799.0,4146698566.0,852483905.0,2201585803.0,2617734782.0,2475.0,93.2,800.0,283.9,680.0
2008-08,36610602764.0,8538672337.0,3549423015.0,538971841.0,1730462378.0,2202681431.0,2432.0,92.5,800.0,280.3,608.0
2008-09,37428302796.0,8090175934.0,3833835532.0,540604386.0,1814198843.0,2297715474.0,2392.0,96.3,780.0,279.7,434.0
2008-10,37111139902.0,7467633082.0,4434726510.0,499257988.0,1700072050.0,2443017832.0,2123.0,69.1,760.0,279.1,328.0
2008-11,28841617185.0,5296229435.0,3498158080.0,365445281.0,1534419092.0,2077232377.0,2005.0,51.2,700.0,258.6,207.0
2008-12,27117888786.0,4714746071.0,3491259813.0,492960852.0,1073123674.0,1997483412.0,2012.0,38.6,615.0,215.1,266.0
2009-01,21133405214.0,4465852319.0,2627953178.0,340038623.0,1110963049.0,1530821063.0,2017.0,40.0,565.0,174.3,308.0
2009-02,25397149528.0,5560922535.0,2743835195.0,422913890.0,1523657025.0,1533752785.0,2015.0,32.4,555.0,151.2,295.0
2009-03,27890830606.0,6474498039.0,2935611890.0,556012955.0,1401225965.0,1564472502.0,2063.0,27.4,555.0,155.4,260.0
2009-04,30326508694.0,6986960111.0,3270305537.0,590312857.0,1282408374.0,1669377446.0,2125.0,33.7,555.0,161.5,250.0
2009-05,27823838875.0,6635667319.0,2942502761.0,578877383.0,1550775449.0,1633145037.0,2268.0,32.7,555.0,161.3,280.0
2009-06,32210047824.0,7310083501.0,3278597215.0,622134532.0,1719638295.0,1819762234.0,2317.0,37.7,585.0,164.5,305.0
2009-07,31908462074.0,7804229064.0,3286677233.0,678621045.0,1810648319.0,1859977452.0,2375.0,45.2,605.0,176.1,320.0
2009-08,28949627324.0,7656799821.0,3143716228.0,554266324.0,1767895019.0,1788965745.0,2454.0,49.3,635.0,183.1,360.0
2009-09,33922428618.0,8363324548.0,3387117003.0,649437259.0,1696969684.0,2189255220.0,2542.0,48.6,655.0,193.8,350.0
2009-10,33970032167.0,8178383088.0,3190151618.0,695379696.0,1881268385.0,2014269632.0,2641.0,52.4,685.0,201.4,320.0
2009-11,33991607471.0,8162746466.0,3485643547.0,671538123.0,1986934711.0,2101004828.0,2709.0,43.7,725.0,202.4,359.0
2009-12,36009622532.0,9103778567.0,3357742135.0,789944748.0,1928671055.0,2066034758.0,2699.0,55.1,755.0,215.2,358.0
2010-01,30735415239.0,8845994500.0,3057539746.0,630172112.0,1633591813.0,1876023581.0,2737.0,58.2,755.0,209.9,362.0
2010-02,33039402331.0,7954960842.0,3406384973.0,530153397.0,1903182118.0,1952521443.0,2707.0,51.2,643.0,229.6,360.0
2010-03,37308940314.0,9761155649.0,4072583755.0,696618200.0,2109175034.0,2124224922.0,2723.0,51.2,670.0,253.1,387.0
2010-04,39301013507.0,9911316633.0,4338592803.0,859464393.0,2054124682.0,2195317214.0,2788.0,58.3,749.0,288.4,407.0
2010-05,38887929677.0,9605689273.0,4157684544.0,735725132.0,2333540724.0,2261134956.0,2702.0,63.9,793.0,315.7,450.0
2010-06,42049044611.0,9550810959.0,4466322929.0,803822531.0,2324134640.0,2367823540.0,2742.0,51.0,826.0,308.2,528.0
2010-07,40423610784.0,9878814065.0,4540970111.0,862378329.0,2089795417.0,2485476304.0,2859.0,51.9,849.0,292.0,447.0
2010-08,36480955462.0,9612204216.0,4050745180.0,788435685.0,2162058130.0,2413490771.0,2853.0,74.2,859.0,254.7,511.0
2010-09,39410882408.0,9714201518.0,4149300882.0,858723234.0,2041916588.0,2377541636.0,2897.0,75.2,843.0,298.9,398.0
2010-10,43340335313.0,10348323534.0,4777592881.0,948494601.0,2231244743.0,2666567994.0,2933.0,58.7,830.0,283.7,428.0
2010-11,41260912134.0,10586575214.0,4447906701.0,906755555.0,2224595332.0,2784634187.0,2902.0,63.0,834.0,290.2,429.0
2010-12,44145319927.0,11067787000.0,4350433455.0,1031330239.0,2186986967.0,2671524631.0,2915.0,67.2,814.0,299.8,438.0
2011-01,44465366339.0,10029211217.0,4143179382.0,972256499.0,2368098461.0,2938130750.0,2960.0,75.7,838.0,306.1,578.0
2011-02,38467411994.0,9577541711.0,3812273860.0,761839808.0,2085626661.0,2701368512.0,2977.0,100.2,837.0,317.3,514.0
2011-03,48052991328.0,11518731476.0,4643161735.0,1128867092.0,2566588464.0,3257020652.0,2986.0,108.5,837.0,304.9,513.0
2011-04,48536725405.0,10807465994.0,5094082851.0,1182297719.0,2611215292.0,3575084786.0,3072.0,115.8,864.0,309.0,508.0
2011-05,47331328872.0,11294812145.0,5171509689.0,1085870458.0,2759156235.0,3058715128.0,3051.0,108.0,875.0,313.1,491.0
2011-06,46736892626.0,11126425492.0,4969268572.0,1039279686.0,2312012166.0,3402468503.0,3045.0,107.5,895.0,310.7,503.0
2011-07,48950113013.0,11829362508.0,4650593591.0,1012044849.0,2864386328.0,3407616401.0,3110.0,110.2,905.0,315.2,510.0
2011-08,45792060934.0,11615643560.0,4322256349.0,1167195552.0,2853164440.0,3425151059.0,3122.0,105.0,888.0,314.9,529.0
2011-09,46510964789.0,11664543504.0,4794608984.0,1306856539.0,2344299427.0,3414076198.0,3034.0,105.8,872.0,320.7,503.0
2011-10,46613479836.0,11842269115.0,4604884789.0,1226446881.0,3070063782.0,3291812320.0,3110.0,103.5,842.0,324.9,512.0
2011-11,46012595310.0,11194390060.0,5401548478.0,1264671906.0,2667430107.0,3488538645.0,3086.0,107.9,810.0,313.9,502.0
2011-12,47743725397.0,11684611820.0,4600334466.0,1317295005.0,2466363303.0,3719723337.0,3064.0,105.5,777.0,281.1,491.0
2012-01,41200357940.0,9793924454.0,4123411437.0,1061188915.0,2540872940.0,3270842174.0,3113.0,109.5,721.0,270.0,459.0
2012-02,46316183638.0,10500481337.0,5619301450.0,1259403126.0,2775074973.0,3503411607.0,3158.0,116.2,731.0,270.1,492.0
2012-03,47329816570.0,11043089650.0,5934643568.0,1251894087.0,2978444630.0,3329166847.0,3160.0,122.5,704.0,270.3,478.0
2012-04,46094754124.0,10463536254.0,5307363135.0,1237804270.0,2684699609.0,2751439767.0,3168.0,117.3,719.0,282.7,476.0
2012-05,46872357095.0,10716030491.0,4726885740.0,1286975266.0,3024354148.0,3093617482.0,3109.0,107.3,730.0,281.0,485.0
2012-06,47162604994.0,10828777757.0,4977490336.0,1369072255.0,2539827120.0,3402562013.0,3124.0,94.4,729.0,277.1,483.0
2012-07,44667681428.0,11247341363.0,4692004268.0,1351975837.0,2226851858.0,3337717682.0,3143.0,99.1,729.0,275.1,465.0
2012-08,43045181248.0,11061860561.0,4221897982.0,1380809715.0,2487766109.0,3179793894.0,3169.0,108.6,708.0,273.1,435.0
2012-09,45412538010.0,11783075626.0,4813841920.0,1340309229.0,3038832724.0,2967153292.0,3220.0,111.2,693.0,245.9,433.0
2012-10,47087760006.0,12461125903.0,4438501425.0,1378261202.0,2893857628.0,3291482280.0,3235.0,109.0,689.0,227.3,418.0
2012-11,47805245779.0,12429057074.0,5113742215.0,1529012572.0,2814775645.0,3622014649.0,3261.0,107.3,677.0,233.6,404.0
2012-12,44875311309.0,11994263599.0,4555475076.0,1499268932.0,2600831372.0,3046855254.0,3270.0,106.4,698.0,254.9,431.0
2013-01,45673108992.0,11425208289.0,4960891720.0,1489705029.0,2213281582.0,3518915044.0,3289.0,107.9,684.0,263.8,434.0
2013-02,42331836668.0,10387585991.0,5002517619.0,1445586525.0,1909950723.0,2900960556.0,3274.0,111.1,695.0,250.5,434.0
2013-03,47312703650.0,11685542722.0,4978892498.0,1827242882.0,2564802898.0,2703276679.0,3274.0,105.6,678.0,254.1,404.0
2013-04,46157925207.0,12136960810.0,5347295434.0,1741362024.0,2163472777.0,2430303577.0,3288.0,101.7,698.0,263.3,424.0
2013-05,48307560429.0,12481015335.0,5744405046.0,1862563085.0,2380306187.0,2732790263.0,3281.0,100.3,726.0,263.7,451.0
2013-06,46690983225.0,11398722435.0,5292652127.0,1674987626.0,2240549143.0,2824465569.0,3264.0,100.2,716.0,259.4,436.0
2013-07,45829520579.0,12882114281.0,5153830762.0,1685025064.0,2255632111.0,2839173120.0,3297.0,103.6,735.0,256.5,380.0
2013-08,46311340570.0,12474089434.0,4973462842.0,1761322233.0,2333563288.0,2762424162.0,3311.0,107.1,733.0,266.8,401.0
2013-09,44650485857.0,11939788435.0,4733798906.0,1833513914.0,2587170376.0,2916580851.0,3369.0,107.9,738.0,276.1,370.0
2013-10,50480484208.0,13152509513.0,5465244249.0,2218187920.0,2520634323.0,2987576992.0,3432.0,105.6,716.0,270.1,380.0
2013-11,47905028162.0,12920192700.0,5247925002.0,1733503264.0,2321123569.0,3381553819.0,3450.0,105.5,728.0,275.2,386.0
2013-12,47981456248.0,12985768328.0,5151571399.0,1814582064.0,2265821348.0,2664269482.0,3465.0,107.5,752.0,272.1,388.0
2014-01,45559632455.0,11482347663.0,4856161763.0,1733302937.0,1936612945.0,2810869830.0,3484.0,104.0,750.0,263.6,411.0
2014-02,42911734549.0,10757677300.0,4664001383.0,1732673534.0,1976298786.0,2607399996.0,3518.0,105.0,760.0,257.0,420.0
2014-03,49064391958.0,12186981771.0,5814181509.0,2095882609.0,2278012933.0,2783089468.0,3543.0,104.4,760.0,263.0,408.0
2014-04,50267447896.0,12410094981.0,6376333605.0,1815755823.0,2267187304.0,2717013724.0,3558.0,104.6,765.0,272.0,378.0
2014-05,47577182544.0,11305150046.0,6058690822.0,1693661598.0,2288314203.0,2705134747.0,3609.0,105.6,759.0,273.0,420.0
2014-06,47827709150.0,11278077647.0,6086843865.0,1706981559.0,2425874004.0,2563081096.0,3665.0,107.9,764.0,263.0,471.0
2014-07,48204545437.0,11960508236.0,6102797915.0,1802428926.0,2190757142.0,2992685837.0,3680.0,106.1,746.0,265.0,401.0
2014-08,46108369810.0,11984392777.0,5318312342.0,1698774582.0,2280062413.0,2520905828.0,3675.0,101.9,752.0,259.0,402.0
2014-09,47446217249.0,12700145881.0,5664961041.0,1886505548.0,2298876025.0,2702707335.0,3644.0,96.6,746.0,255.0,386.0
2014-10,51630656639.0,13586043899.0,6798528015.0,2138138208.0,2394180476.0,2888627157.0,3637.0,86.8,740.0,259.0,440.0
2014-11,46605342145.0,12471043145.0,6304664359.0,1943242632.0,2500868662.0,2499017437.0,3631.0,77.1,749.0,251.0,392.0
2014-12,49461377231.0,13165237867.0,6239395215.0,2104342475.0,2419357232.0,2393255279.0,3636.0,60.2,747.0,249.0,399.0
2015-01,45105389265.0,12083947251.0,5561545397.0,2163835578.0,2170483312.0,2251306583.0,3622.0,45.8,743.0,250.0,406.0
2015-02,41472190637.0,9927641709.0,5021263686.0,1967141454.0,1810259426.0,2000724388.0,3624.0,55.7,717.0,258.0,331.0
2015-03,46822771337.0,11868032003.0,6795063949.0,2443344217.0,2545223968.0,2127216181.0,3628.0,54.7,698.0,243.0,490.0
2015-04,46221931023.0,11765636558.0,6204676220.0,2461287388.0,2650179906.0,2380418820.0,3699.0,57.7,696.0,244.0,301.0
2015-05,42327311014.0,10927132581.0,5623941107.0,2244149446.0,2559831406.0,2331637206.0,3715.0,63.0,691.0,239.0,292.0
2015-06,46554511646.0,11348693390.0,6503943777.0,2431976418.0,2491014663.0,2230059347.0,3747.0,60.8,681.0,234.0,306.0
2015-07,45695746774.0,11180020902.0,6184651985.0,2633166079.0,2630865243.0,2126238228.0,3708.0,55.6,696.0,244.0,334.0
2015-08,39107399172.0,10883915001.0,5059167395.0,2245105335.0,2487845003.0,1870364846.0,3679.0,47.8,695.0,269.0,286.0
2015-09,43432312357.0,12045381267.0,5464307094.0,2391607104.0,2739692229.0,2037366882.0,3681.0,45.8,672.0,245.0,276.0
2015-10,43352045560.0,12493015151.0,6011443155.0,2403076655.0,2607539279.0,2138398052.0,3696.0,45.8,668.0,234.0,254.0
2015-11,44285051775.0,11610771237.0,5519654833.0,2179078681.0,2839574119.0,2022536098.0,3685.0,41.6,655.0,234.0,302.0
2015-12,42379842806.0,10989746843.0,5882444203.0,2206982022.0,2885669933.0,2060240639.0,3680.0,34.9,649.0,222.0,290.0
2016-01,36260420221.0,9480539843.0,5040734289.0,1984725205.0,2113289285.0,1792002099.0,3673.0,26.9,630.0,236.0,257.0
2016-02,35924540736.0,8641814638.0,5222510363.0,2318556319.0,2170208859.0,1696096821.0,3658.0,28.9,618.0,214.0,388.0
2016-03,43002467958.0,10420521589.0,6544965121.0,2783409035.0,2328129379.0,2050548563.0,3698.0,35.2,612.0,218.0,211.0
2016-04,41081552585.0,9613431316.0,5823758110.0,2770462931.0,2431256512.0,1776555240.0,3725.0,39.0,612.0,213.0,212.0
2016-05,39733793730.0,9928386074.0,5669349924.0,2647731803.0,2657286566.0,2041330727.0,3709.0,44.3,598.0,214.0,239.0
2016-06,45209071390.0,10182598463.0,6053158794.0,2668363452.0,3031084615.0,2150804229.0,3699.0,46.3,601.0,212.0,416.0
2016-07,40881700213.0,10133979815.0,5290588215.0,2817810509.0,2774938756.0,2067444554.0,3714.0,42.5,618.0,213.0,276.0
2016-08,40124791131.0,10304261781.0,4818513003.0,2750599586.0,3230570357.0,2010573951.0,3755.0,43.6,632.0,220.0,244.0
2016-09,40846251917.0,10953271210.0,5132437801.0,2796647436.0,2865856800.0,2168024802.0,3778.0,43.3,613.0,233.0,264.0
2016-10,41983329283.0,11088002164.0,5401982445.0,2886439219.0,2961774667.0,2103254471.0,3778.0,49.0,606.0,227.0,265.0
2016-11,45309140839.0,11632780853.0,5723085819.0,3015087934.0,2954781070.0,2275226906.0,3720.0,43.9,613.0,231.0,244.0
2016-12,45068879634.0,12053353493.0,5741228102.0,3190623874.0,3263272175.0,2223174096.0,3711.0,52.1,597.0,238.0,354.0
2017-01,40256999916.0,10754709285.0,4940100924.0,2791265431.0,2721286087.0,2130047971.0,3740.0,53.7,614.0,249.0,302.0
2017-02,43166536042.0,11118131308.0,5312452585.0,3181296752.0,2854472744.0,2044853150.0,3739.0,54.4,596.0,252.0,298.0
2017-03,48637831863.0,11655510517.0,6200928199.0,4330456598.0,3223394812.0,2395932082.0,3753.0,51.2,600.0,268.0,307.0
2017-04,50843799013.0,10589663918.0,6035663101.0,4517085112.0,2828098062.0,2108329954.0,3766.0,52.3,612.0,297.0,396.0
2017-05,44926979168.0,10652551536.0,5523901512.0,4153353121.0,2873922510.0,2182625743.0,3785.0,50.7,631.0,297.0,336.0
2017-06,51272451919.0,10675442357.0,5980992263.0,4318913195.0,3198026020.0,2350968919.0,3806.0,46.5,651.0,286.0,430.0
2017-07,48830439652.0,10791084082.0,5660933992.0,3636567276.0,2903504016.0,2162170436.0,3838.0,47.6,644.0,302.0,465.0
2017-08,47105568514.0,11912498857.0,5952843871.0,3754935066.0,3287457730.0,2107245781.0,3848.0,50.2,621.0,304.0,343.0
2017-09,55115239696.0,13540682915.0,6597924202.0,4734487418.0,3828534234.0,2516087938.0,3847.0,53.7,653.0,306.0,352.0
2017-10,44791238727.0,12580473717.0,4726842191.0,3864652296.0,3657235729.0,1847998975.0,3845.0,55.5,687.0,282.0,364.0
2017-11,49707196884.0,14000887074.0,6381591389.0,4411512124.0,3751698650.0,2520013186.0,3873.0,60.8,671.0,240.0,355.0
2017-12,49040139428.0,13848364137.0,5295553358.0,4059314859.0,3984650207.0,2449866992.0,3893.0,61.6,733.0,229.0,342.0
2018-01,49221290908.0,13381305014.0,5159690617.0,4277334440.0,3429413331.0,2583914212.0,3958.0,66.2,776.0,234.0,365.0
2018-02,44523529594.0,11522664092.0,4682547672.0,3627831822.0,3032519739.0,2446179743.0,3948.0,62.7,820.0,257.0,379.0
2018-03,51309931550.0,13576667103.0,6078616405.0,4196644652.0,4122520611.0,2603449960.0,3968.0,62.7,850.0,251.0,435.0
2018-04,49850235277.0,13034964359.0,5942113553.0,3724493793.0,3838410014.0,2482756392.0,3984.0,68.3,857.0,240.0,465.0
2018-05,50687749864.0,13851899898.0,6153032588.0,3781174443.0,4237216652.0,2513782252.0,3989.0,74.4,836.0,229.0,552.0
2018-06,51079375327.0,13814240920.0,6421517754.0,3934797470.0,4363034750.0,2578912716.0,4003.0,73.6,859.0,232.0,376.0
2018-07,51810254527.0,13721233127.0,6151681428.0,3915009646.0,4150645518.0,2542258168.0,4024.0,73.1,833.0,226.0,381.0
2018-08,51180449254.0,14401521303.0,6048101982.0,4353160159.0,4076287662.0,2409639571.0,4011.0,72.5,839.0,230.0,371.0
2018-09,50650208140.0,14590529300.0,5821080858.0,3946877918.0,4903221049.0,2469036724.0,4029.0,77.2,862.0,229.0,367.0
2018-10,54860309595.0,14767040501.0,6980163813.0,4248685490.0,3869674845.0,2764707751.0,4027.0,79.4,863.0,216.0,361.0
2018-11,51479529532.0,13558761072.0,6840970688.0,4520135567.0,3104349754.0,2707330806.0,4030.0,65.6,862.0,216.0,363.0
2018-12,48206793082.0,11904228702.0,6440414832.0,4095952159.0,2869147063.0,2426612069.0,4037.0,57.3,857.0,213.0,371.0
2019-01,46168934249.0,10836336432.0,6209466480.0,4025559711.0,2217703931.0,2617332541.0,4055.0,59.1,835.0,212.0,354.0
2019-02,39481803311.0,9532194006.0,5442457412.0,3576740231.0,2311680172.0,2296310001.0,4047.0,64.6,794.0,208.0,324.0
2019-03,47003206185.0,11442780896.0,6319152288.0,4065313919.0,3266774709.0,2261652259.0,4053.0,66.9,747.0,215.0,313.0
2019-04,48781156049.0,12429813199.0,6158443400.0,4197071755.0,2591788494.0,2277192076.0,4040.0,70.9,734.0,198.0,359.0
2019-05,45703948228.0,11014512679.0,6500300797.0,3648722440.0,2944595164.0,2533489284.0,4020.0,69.4,736.0,184.0,337.0
2019-06,44008404018.0,10422956041.0,6249176071.0,3589371927.0,2871892240.0,2255618857.0,4031.0,61.8,730.0,167.0,335.0
2019-07,46078221134.0,11444066676.0,6113229620.0,4220824208.0,2761539257.0,2545211759.0,4031.0,63.3,702.0,159.0,325.0
2019-08,44020065156.0,11287793374.0,5619802922.0,4484556281.0,2578175500.0,2243164653.0,4015.0,59.1,646.0,141.0,383.0
2019-09,44629052707.0,11362385855.0,5690676178.0,4229158129.0,2825991654.0,2310566270.0,4033.0,61.1,618.0,148.0,316.0
2019-10,46648756033.0,12243753683.0,6357758160.0,4209044967.0,2478883744.0,2372581195.0,4063.0,59.4,601.0,156.0,344.0
2019-11,44040721772.0,11888954728.0,6265034318.0,4052033453.0,2454636357.0,2410613103.0,4075.0,62.0,603.0,145.0,302.0
2019-12,45668341127.0,12296985639.0,6418400063.0,3879351714.0,2609214538.0,2296481406.0,4088.0,64.9,598.0,131.0,318.0
2020-01,43103060857.0,9642031236.0,5740347386.0,4081500059.0,2193755203.0,2434952964.0,4097.0,64.3,595.0,127.0,288.0
2020-02,40911818805.0,8824933471.0,5931571874.0,3931516792.0,2546965586.0,2265044812.0,4092.0,54.2,600.0,128.0,314.0
2020-03,46167203855.0,10643503407.0,7281215108.0,3998333951.0,3172786959.0,2485052839.0,4002.0,33.7,585.0,147.0,351.0
2020-04,36270182837.0,10151494828.0,5277225836.0,2713976274.0,2379361597.0,1984660364.0,4040.0,20.4,577.0,155.0,293.0
2020-05,34854511400.0,10743735243.0,4589357750.0,2917842478.0,2362302297.0,1781736895.0,4073.0,30.5,593.0,176.0,382.0
2020-06,39214070630.0,11443239696.0,5735514639.0,3503966589.0,2337610130.0,1849842809.0,4108.0,40.8,597.0,202.0,489.0
2020-07,42785144050.0,11726183448.0,6596978783.0,4203037693.0,2034337542.0,1999257195.0,4165.0,43.3,599.0,197.0,512.0
2020-08,39469230580.0,10937537712.0,5581925095.0,4107144926.0,2150968919.0,1761392723.0,4190.0,44.0,592.0,178.0,314.0
2020-09,47819947522.0,12185274325.0,6997553830.0,4796012203.0,3005224076.0,2156620830.0,4206.0,41.5,581.0,178.0,566.0
2020-10,44818534427.0,11527355549.0,6562208994.0,4508943206.0,2731820714.0,1924047355.0,4265.0,40.7,589.0,174.0,522.0
2020-11,45751883232.0,12029854423.0,6664272439.0,4506085066.0,2635980263.0,2122869801.0,4364.0,43.4,577.0,179.0,524.0
2020-12,51332449396.0,12710301396.0,7157647338.0,5242213207.0,3102676601.0,2332172653.0,4431.0,49.8,598.0,176.0,413.0
2021-01,48006973697.0,11787036611.0,8412354594.0,4642317898.0,2441564805.0,2237046015.0,4427.0,54.8,606.0,185.0,736.0
2021-02,44706906918.0,11208799453.0,6396234633.0,3907994035.0,2516268543.0,2191909157.0,4476.0,60.9,644.0,206.0,488.0
2021-03,53690914321.0,13408119054.0,7970755898.0,4207078759.0,3402418498.0,2415077031.0,4461.0,66.4,670.0,220.0,875.0
2021-04,51225991397.0,13401058327.0,7557229358.0,4334987144.0,2985366252.0,2489524820.0,4523.0,62.9,729.0,241.0,446.0
2021-05,50725161248.0,13246809078.0,7448015955.0,4167818891.0,3093419795.0,2361626618.0,4565.0,66.3,819.0,250.0,460.0
2021-06,54778904949.0,13070490087.0,8717226261.0,4581970971.0,3471242070.0,2597105443.0,4541.0,71.6,864.0,255.0,474.0
2021-07,55461518159.0,13586374429.0,8724015829.0,4934034094.0,2872361283.0,2565013671.0,4587.0,72.9,903.0,263.0,536.0
2021-08,53165103786.0,13881327880.0,7704223847.0,4850337611.0,3415828590.0,2522980082.0,4639.0,69.5,906.0,277.0,630.0
2021-09,55913862375.0,14291980345.0,7983934107.0,5101701490.0,3852088155.0,2541017857.0,4640.0,72.6,879.0,285.0,549.0
2021-10,55660372637.0,14415867215.0,8066782602.0,4904971459.0,2739662629.0,2614683864.0,4692.0,81.6,889.0,292.0,635.0
2021-11,60330542263.0,15272549044.0,8133640339.0,5478296945.0,3232583381.0,2813250497.0,4639.0,80.3,876.0,299.0,660.0
2021-12,60734116670.0,15342562681.0,8787542044.0,5617022808.0,3444272573.0,2712571429.0,4631.0,73.2,822.0,310.0,600.0
